ID,lat,lon,Station,state or country,country,Years,Range,
EYW,24.56,-81.75,Key West, Florida , United States ,67.3,1945 1948-1952 1960-2020 ,
HST,25.48,-80.38,Homestead, Florida , United States ,60.6,1943-1944 1956-1970 1973-1992 1996-2020 ,
BRO,25.91,-97.42,Brownsville, Texas , United States ,73.8,1947-2020 ,
MFE,26.18,-98.25,McAllen, Texas , United States ,43.9,1973-1986 1988-1994 1997-2020 ,
FMY,26.59,-81.86,Fort Myers, Florida , United States ,62.6,1943-1945 1948-1954 1965-1995 1998-2020 ,
PBI,26.69,-80.1,West Palm Beach, Florida , United States ,74.1,1943 1948-2020 ,
ALI,27.74,-98.03,Alice, Texas , United States ,39,1948-1954 1976-1982 1994-2020 ,
CRP,27.77,-97.51,Corpus Christi, Texas , United States ,74.3,1947-2020 ,
TPA,27.96,-82.54,Tampa, Florida , United States ,76.7,1942-1945 1948-2020 ,
MCO,28.43,-81.33,Orlando, Florida , United States ,66,1953-1970 1973-2020 ,
PSX,28.73,-96.25,Palacios, Texas , United States ,52,1949-1958 1973-1981 1987-2020 ,
VCT,28.86,-96.93,Victoria, Texas , United States ,61.6,1953-1958 1964-2020 ,
DAB,29.18,-81.05,Daytona Beach, Florida , United States ,72.9,1948-2020 ,
SAT,29.54,-98.48,San Antonio, Texas , United States ,74.2,1947-2020 ,
GNV,29.69,-82.28,Gainesville, Florida , United States ,48.3,1944 1973-2020 ,
AAF,29.73,-85.03,Apalachicola, Florida , United States ,41.6,1945 1948 1973-1991 1999-2020 ,
IAH,29.98,-95.36,Houston (Bush), Texas , United States ,55.1,1942-1949 1973-2020 ,
MSY,30,-90.28,New Orleans, Louisiana , United States ,75.2,1946-2020 ,
PAM,30.07,-85.58,Panama City, Florida , United States ,74.5,1942-2003 2007-2020 ,
LCH,30.13,-93.23,Lake Charles, Louisiana , United States ,75.1,1942-1944 1947 1949-2020 ,
AUS,30.18,-97.68,Austin, Texas , United States ,76.4,1943-1945 1948-2020 ,
LFT,30.21,-91.99,Lafayette, Louisiana , United States ,60.4,1946-1958 1973-2020 ,
NIP,30.23,-81.67,Jacksonville (NAS), Florida , United States ,75.3,1945-2020 ,
TLH,30.39,-84.35,Tallahassee, Florida , United States ,75.3,1942-1944 1948-2020 ,
PNS,30.48,-87.19,Pensacola, Florida , United States ,58.8,1949-1954 1965-1995 1998-2020 ,
VPS,30.48,-86.52,Valparaiso, Florida , United States ,78.9,1941-2020 ,
JAX,30.5,-81.69,Jacksonville, Florida , United States ,72.9,1948-2020 ,
BTR,30.54,-91.15,Baton Rouge, Louisiana , United States ,75.3,1942-1944 1949-2020 ,
CLL,30.59,-96.37,College Station, Texas , United States ,48.4,1952-1954 1973-1981 1983-1985 1988-2020 ,
MOB,30.69,-88.25,Mobile, Alabama , United States ,72.8,1948-2020 ,
NSE,30.72,-87.02,Milton, Florida , United States ,63.8,1945 1947 1949-1998 2007-2020 ,
VLD,30.78,-83.28,Valdosta, Georgia , United States ,38.8,1948-1954 1988-2020 ,
LFK,31.24,-94.75,Lufkin, Texas , United States ,68.1,1949-1985 1990-2020 ,
DHN,31.32,-85.45,Dothan, Alabama , United States ,49.5,1942-1945 1949-1954 1973-1993 2002-2020 ,
AEX,31.34,-92.56,Alexandria, Louisiana , United States ,61,1944-1945 1952-1972 1974-1991 2000-2020 ,
SJT,31.35,-100.5,San Angelo, Texas , United States ,72.5,1948-2020 ,
ACT,31.62,-97.23,Waco, Texas , United States ,75.3,1942-1945 1949-2020 ,
INK,31.78,-103.2,Wink, Texas , United States ,49.4,1947-1954 1973-1981 1988-2020 ,
ELP,31.81,-106.38,El Paso, Texas , United States ,77.2,1941-1944 1948-2020 ,
MAF,31.95,-102.21,Midland, Texas , United States ,72.6,1948-2020 ,
TUS,32.13,-110.96,Tucson, Arizona , United States ,71.2,1949-2020 ,
SAV,32.13,-81.2,Savannah, Georgia , United States ,72.9,1948-2020 ,
MGM,32.3,-86.41,Montgomery, Alabama , United States ,72.8,1948-2020 ,
JAN,32.32,-90.08,Jackson, Mississippi , United States ,77.3,1943-1944 1946-2020 ,
MEI,32.34,-88.74,Meridian, Mississippi , United States ,67.5,1942-1944 1949-1951 1960-2020 ,
ABI,32.41,-99.68,Abilene, Texas , United States ,74.2,1947-2020 ,
SHV,32.45,-93.82,Shreveport, Louisiana , United States ,72.4,1948-2020 ,
NBC,32.48,-80.72,Beaufort, South Carolina , United States ,62,1945 1958-2020 ,
CSG,32.52,-84.94,Columbus, Georgia , United States ,59.6,1948-1951 1965-2020 ,
MLU,32.52,-92.04,Monroe, Louisiana , United States ,44.9,1960-1966 1973-1979 1990-2020 ,
MCN,32.69,-83.65,Macon, Georgia , United States ,60.3,1942-1945 1949-1953 1963-1987 1995-2020 ,
NZY,32.7,-117.2,North Island, California , United States ,74.5,1945-2020 ,
IPL,32.83,-115.58,Imperial, California , United States ,36.2,1973-1981 1989-2020 ,
HMN,32.85,-106.1,Alamogordo, New Mexico , United States ,68.1,1943-1945 1948-1970 1974-2001 2007-2020 ,
NKX,32.87,-117.13,Miramar, California , United States ,22.5,1980 1995-2004 2006-2009 2014-2020 ,
CHS,32.9,-80.04,Charleston, South Carolina , United States ,75.9,1945-2020 ,
TCL,33.21,-87.62,Tuscaloosa, Alabama , United States ,46.4,1949-1954 1973-1990 19921993 1999-2020 ,
TCS,33.24,-107.27,Truth or Consequences, New Mexico , United States ,48.1,1950-1972 19791980 1997-2020 ,
ROW,33.31,-104.51,Roswell, New Mexico , United States ,69.6,1943-1966 1973-1988 1990-1993 1995-2020 ,
AGS,33.36,-81.96,Augusta, Georgia , United States ,72.5,1948-2020 ,
PHX,33.43,-112,Phoenix, Arizona , United States ,66.9,1948-2020 ,
TXK,33.45,-94.01,Texarkana, Arkansas , United States ,45.5,1947-1953 1956-1968 1973-1975 1997-2020 ,
GWO,33.5,-90.09,Greenwood, Mississippi , United States ,55,1943-1945 1949-1954 1973-2020 ,
BHM,33.57,-86.75,Birmingham, Alabama , United States ,74.5,1943 1948-2020 ,
BLH,33.62,-114.71,Blythe, California , United States ,45,1943 1949-1954 1970-1981 1988-2020 ,
TRM,33.63,-116.16,Thermal, California , United States ,40.1,1944 1950-1953 1973-1981 1989-2020 ,
ATL,33.63,-84.44,Atlanta, Georgia , United States ,75.9,1945-2020 ,
CBM,33.65,-88.45,Columbus, Mississippi , United States ,57.6,1942-1945 1959-1970 1973-2000 2007-2020 ,
LBB,33.67,-101.82,Lubbock, Texas , United States ,73.8,1947-2020 ,
LGB,33.81,-118.15,Long Beach, California , United States ,65.3,1943-1957 1959-1985 1997-2020 ,
RIV,33.9,-117.25,Riverside, California , United States ,83.7,1936-2020 ,
LAX,33.94,-118.39,Los Angeles, California , United States ,74.7,1944 1947-2020 ,
CAE,33.94,-81.12,Columbia, South Carolina , United States ,76,1943-1945 1948-2020 ,
AHN,33.95,-83.33,Athens, Georgia , United States ,65.2,1956-2020 ,
FLO,34.19,-79.72,Florence, South Carolina , United States ,54.6,1948-1951 1959-1964 1973-1995 1999-2020 ,
OXR,34.2,-119.21,Oxnard, California , United States ,40.3,1945 1953-1969 1998-2020 ,
TUP,34.26,-88.77,Tupelo, Mississippi , United States ,35,1986-2020 ,
ILM,34.27,-77.9,Wilmington, North Carolina , United States ,70.3,1942-1945 1948-1953 1960-2020 ,
CVS,34.38,-103.32,Clovis, New Mexico , United States ,65.6,1943-1946 1952-1971 1974-2002 2007-2020 ,
SBA,34.43,-119.84,Santa Barbara, California , United States ,56.2,1949-1954 1957-1964 1973-1986 1993-2020 ,
CDS,34.43,-100.28,Childress, Texas , United States ,50,1943-1945 1947-1954 1973-1979 1981 1988-2020 ,
HSV,34.64,-86.79,Huntsville, Alabama , United States ,62.2,1959-2020 ,
PRC,34.65,-112.42,Prescott, Arizona , United States ,68.2,1948-1953 1958-2020 ,
LTS,34.65,-99.27,Altus, Oklahoma , United States ,61.4,1943-1944 1954-1970 1973-2000 20022003 2007-2020 ,
FSI,34.65,-98.4,Lawton , Oklahoma , United States ,67.7,1940-1941 1945-1970 1973-1998 2008-2020 ,
NCA,34.71,-77.44,New River, North Carolina , United States ,55.5,1964-2020 ,
LIT,34.73,-92.24,Little Rock, Arkansas , United States ,72.3,1949-2020 ,
DAG,34.85,-116.79,Daggett, California , United States ,65.2,1949-1981 1988-2020 ,
MLC,34.88,-95.78,McAlester, Oklahoma , United States ,48.5,1953-1954 1973-2020 ,
GSP,34.88,-82.22,Greer, South Carolina , United States ,58.1,1963-2020 ,
EDW,34.9,-117.87,Lancaster, California , United States ,56.1,1943-1973 1991-2000 2007-2020 ,
SMX,34.9,-120.45,Santa Maria, California , United States ,38.2,1955-1963 1981 1996-2020 ,
NKT,34.9,-76.88,Cherry Point, North Carolina , United States ,75,1945-2020 ,
INW,35.03,-110.72,Winslow, Arizona , United States ,70.4,1948-2020 ,
CHA,35.03,-85.2,Chattanooga, Tennessee , United States ,72.9,1948-2020 ,
ABQ,35.04,-106.62,Albuquerque, New Mexico , United States ,77.5,1942-1945 1947-2020 ,
MEM,35.06,-89.99,Memphis, Tennessee , United States ,72.9,1948-2020 ,
EWN,35.07,-77.05,New Bern, North Carolina , United States ,48.7,1948-1950 1973-2010 2014-2020 ,
FLG,35.14,-111.67,Flagstaff, Arizona , United States ,59.1,1948-1951 1962-1978 1983-2020 ,
TCC,35.18,-103.6,Tucumcari, New Mexico , United States ,55.4,1947-1982 2001-2020 ,
CLT,35.22,-80.96,Charlotte, North Carolina , United States ,75.9,1942-1944 1948-2020 ,
HSE,35.23,-75.62,Cape Hatteras, North Carolina , United States ,19.9,1995-1998 2003-2020 ,
AMA,35.23,-101.7,Amarillo, Texas , United States ,75.4,1943 1947-2020 ,
FSM,35.33,-94.36,Fort Smith, Arkansas , United States ,73.8,1947-2020 ,
GSB,35.34,-77.97,Goldsboro, North Carolina , United States ,59.9,1944-1946 1957-1970 1973-2000 2007-2020 ,
OKC,35.39,-97.6,Oklahoma City, Oklahoma , United States ,73.2,1942-2008 2014-2020 ,
BFL,35.43,-119.05,Bakersfield, California , United States ,86.4,1931-1940 1942-1945 1947-2020 ,
AVL,35.43,-82.54,Asheville, North Carolina , United States ,64.8,1948-1956 1965-2020 ,
PRB,35.67,-120.63,Paso Robles, California , United States ,42.9,1978-2020 ,
TYS,35.82,-83.99,Knoxville, Tennessee , United States ,72.9,1948-2020 ,
RDU,35.89,-78.78,Raleigh, North Carolina , United States ,75,1946-2020 ,
FYV,36.01,-94.17,Fayetteville, Arkansas , United States ,53.1,1950-1954 1967 1973-1981 1983-2020 ,
DHT,36.02,-102.55,Dalhart, Texas , United States ,49.6,1943-1945 1949-1954 1973-1981 1989-2020 ,
LAS,36.07,-115.16,Las Vegas, Nevada , United States ,68.3,1949-2020 ,
GSO,36.1,-79.94,Greensboro, North Carolina , United States ,75.1,1946-2020 ,
BNA,36.12,-86.69,Nashville, Tennessee , United States ,83.2,1937-2020 ,
TUL,36.2,-95.89,Tulsa, Oklahoma , United States ,73.9,1947-2020 ,
GAG,36.3,-99.77,Gage, Oklahoma , United States ,59.8,1944 1947-1964 1973-1981 1987-2020 ,
END,36.33,-97.92,Enid, Oklahoma , United States ,56,1942-1946 1949-1960 1974-2000 2007-2020 ,
TRI,36.48,-82.4,Tri-Cities, Tennessee , United States ,66.7,1948-1953 1960-2020 ,
HOP,36.67,-87.48,Fort Campbell, Kentucky , United States ,70.3,1944-1945 1950-1970 1973-2020 ,
FMN,36.74,-108.23,Farmington, New Mexico , United States ,46,1953-1977 1998-2020 ,
PNC,36.74,-97.1,Ponca City, Oklahoma , United States ,48.8,1947-1954 1973-1981 1989-2020 ,
FAT,36.78,-119.72,Fresno, California , United States ,57.1,1953-1956 1968-2020 ,
ORF,36.9,-76.19,Norfolk, Virginia , United States ,72.9,1948-2020 ,
BWG,36.97,-86.42,Bowling Green, Kentucky , United States ,52.9,1948-1954 1973-1994 1996-2020 ,
PAH,37.06,-88.77,Paducah, Kentucky , United States ,62.4,1950-1964 1973-2020 ,
LFI,37.08,-76.36,Hampton, Virginia , United States ,69.8,1937 1949-2020 ,
JLN,37.15,-94.5,Joplin, Missouri , United States ,54.5,1948-1954 1973-2020 ,
SGF,37.24,-93.39,Springfield, Missouri , United States ,72.7,1948-2020 ,
ROA,37.32,-79.97,Roanoke, Virginia , United States ,72.8,1948-2020 ,
SJC,37.36,-121.92,San Jose, California , United States ,31.5,1973-1981 1998-2020 ,
RIC,37.51,-77.32,Richmond, Virginia , United States ,76.2,1943-1945 1948-2020 ,
SFO,37.62,-122.37,San Francisco, California , United States ,72.9,1948-2020 ,
ICT,37.65,-97.43,Wichita, Kansas , United States ,66.6,1954-2020 ,
CDC,37.71,-113.09,Cedar City, Utah , United States ,71.8,1949-2020 ,
OAK,37.72,-122.22,Oakland, California , United States ,72.3,1948-2020 ,
DDC,37.77,-99.97,Dodge City, Kansas , United States ,74.9,1943-1945 1948-2020 ,
BKW,37.78,-81.12,Beckley, West Virginia , United States ,56.9,1963-2020 ,
FTK,37.9,-85.97,Fort Knox, Kentucky , United States ,66.2,1945-1970 1975-1978 1983-2001 2004-2020 ,
GCK,37.93,-100.73,Garden City, Kansas , United States ,54.8,1944 1948-1954 1973-2020 ,
EVV,38.04,-87.52,Evansville , Indiana , United States ,72.7,1948-2020 ,
LEX,38.04,-84.61,Lexington, Kentucky , United States ,72.7,1948-2020 ,
TPH,38.05,-117.09,Tonopah, Nevada , United States ,30.3,1980-1981 1993-2020 ,
CHO,38.14,-78.45,Charlottesville, Virginia , United States ,29.7,1961-1964 1973-1977 1999-2020 ,
SDF,38.18,-85.74,Louisville, Kentucky , United States ,89.9,1930-2020 ,
SUU,38.27,-121.93,Fairfield, California , United States ,74.6,1944-1970 1973-2020 ,
PUB,38.29,-104.5,Pueblo, Colorado , United States ,1.9,2019-2020 ,
NHK,38.3,-76.42,Patuxent River, Maryland , United States ,73.1,1945-2004 2007-2020 ,
SBY,38.34,-75.51,Salisbury, Maryland , United States ,62.9,1949-1958 19601961 1968-2020 ,
HTS,38.37,-82.56,Huntington, West Virginia , United States ,58.7,1962-2020 ,
CRW,38.38,-81.59,Charleston, West Virginia , United States ,71.8,1949-2020 ,
NYG,38.5,-77.31,Quantico, Virginia , United States ,58.1,1945-1946 1953-1971 1973-1975 1985-2020 ,
SAC,38.51,-121.5,Sacramento, California , United States ,65.1,1948-1986 1995-2020 ,
STL,38.75,-90.37,St. Louis, Missouri , United States ,75.8,1945-2020 ,
SLN,38.8,-97.65,Salina, Kansas , United States ,68.1,1943-1964 1973-2020 ,
COS,38.81,-104.69,Colorado Springs, Colorado , United States ,77.6,1943-2020 ,
COU,38.82,-92.22,Columbia, Missouri , United States ,88.9,1930 1932-2020 ,
DCA,38.85,-77.04,Washington (Reagan), D.C. , United States ,82.9,1938-2020 ,
RSL,38.88,-98.81,Russell, Kansas , United States ,72.7,1943-1945 1950-2020 ,
EKN,38.89,-79.85,Elkins, West Virginia , United States ,42.3,1948-1954 1962-1968 1977-1980 1983 1996-2020 ,
IAD,38.94,-77.45,Washington (Dulles), Virginia , United States ,58,1963-2020 ,
CVG,39.04,-84.67,Covington, Kentucky , United States ,72.9,1948-2020 ,
TOP,39.07,-95.63,Topeka, Kansas , United States ,72.7,1948-2020 ,
BAB,39.13,-121.43,Marysville, California , United States ,52,1960-1970 1973-1989 1991-2000 2008-2020 ,
UKI,39.13,-123.2,Ukiah, California , United States ,47.2,1950-1964 1973-1981 1993-1995 2001-2020 ,
GJT,39.13,-108.54,Grand Junction, Colorado , United States ,72.8,1948-2020 ,
BWI,39.17,-76.68,Baltimore, Maryland , United States ,75.9,1945-2020 ,
MCI,39.3,-94.73,Kansas City, Missouri , United States ,48.1,1973-2020 ,
ELY,39.3,-114.85,Ely, Nevada , United States ,67.2,1953-2020 ,
PKB,39.34,-81.44,Parkersburg, West Virginia , United States ,48.5,1949-1954 1973-1996 2001-2020 ,
GLD,39.37,-101.69,Goodland, Kansas , United States ,72.7,1948-2020 ,
MRB,39.4,-77.95,Martinsburg, West Virginia , United States ,62.9,1949-1964 1973-2020 ,
ACY,39.45,-74.57,Atlantic City, New Jersey , United States ,72.9,1947-2020 ,
RNO,39.48,-119.77,Reno, Nevada , United States ,74.6,1943-1945 1949-2020 ,
CNK,39.55,-97.65,Concordia, Kansas , United States ,59.1,1948 1962-2020 ,
MGW,39.64,-79.92,Morgantown, West Virginia , United States ,49.4,1949-1954 1973-1995 1999-2020 ,
ILG,39.67,-75.61,Wilmington, Delaware , United States ,76,1943-1945 1948-2020 ,
IND,39.73,-86.28,Indianapolis, Indiana , United States ,76.2,1943-1945 1948-2020 ,
DEN,39.83,-104.66,Denver, Colorado , United States ,79.8,1940-1945 1947-2020 ,
SPI,39.85,-89.68,Springfield, Illinois , United States ,72.7,1948-2020 ,
PHL,39.87,-75.23,Philadelphia, Pennsylvania , United States ,79.9,1941-2020 ,
DAY,39.91,-84.22,Dayton, Ohio , United States ,72.9,1948-2020 ,
UIN,39.94,-91.19,Quincy, Illinois , United States ,53.2,1949-1954 1973-2020 ,
ZZV,39.94,-81.89,Zanesville, Ohio , United States ,53.3,1949-1954 1973-2020 ,
CMH,39.99,-82.88,Columbus, Ohio , United States ,73.4,1948-2020 ,
WRI,40.02,-74.6,Wrightstown, New Jersey , United States ,74.1,1943-1945 1949-2020 ,
LOL,40.07,-118.57,Lovelock, Nevada , United States ,64.9,1949-1981 1988-2020 ,
RBL,40.15,-122.25,Red Bluff, California , United States ,67.8,1948-1985 1988-1990 19921993 1996-2020 ,
MDT,40.2,-76.77,Harrisburg, Pennsylvania , United States ,82.5,1938-2020 ,
AOO,40.3,-78.32,Altoona, Pennsylvania , United States ,51.2,1949-1954 1973-1976 1978-2020 ,
PIT,40.49,-80.21,Pittsburgh, Pennsylvania , United States ,71.9,1949-2020 ,
JFK,40.64,-73.76,New York (Kennedy), New York , United States ,72.4,1949-2020 ,
GUS,40.65,-86.15,Kokomo, Indiana , United States ,49.8,1945 1956-1970 1973-1993 2008-2020 ,
ABE,40.65,-75.45,Allentown, Pennsylvania , United States ,72.8,1948-2020 ,
PIA,40.67,-89.68,Peoria, Illinois , United States ,69.8,1948-1953 1957-2020 ,
EWR,40.68,-74.17,Newark, New Jersey , United States ,72.9,1948-2020 ,
BRL,40.78,-91.13,Burlington, Iowa , United States ,51.1,1948-1964 1986-2020 ,
LGA,40.78,-73.88,New York (LaGuardia), New York , United States ,72.4,1949-2020 ,
SLC,40.78,-111.97,Salt Lake City, Utah , United States ,73.1,1948-2020 ,
ISP,40.79,-73.1,Islip, New York , United States ,47.3,1973-2020 ,
EKO,40.83,-115.79,Elko, Nevada , United States ,70.6,1948-1986 1988-2020 ,
LNK,40.85,-96.75,Lincoln, Nebraska , United States ,65.9,1943-1945 1948-1952 1955-1963 1973-2020 ,
WMC,40.9,-117.81,Winnemucca, Nevada , United States ,64.1,1950-1987 1995-2020 ,
CAK,40.92,-81.44,Akron, Ohio , United States ,72.4,1949-2020 ,
GRI,40.96,-98.31,Grand Island, Nebraska , United States ,85.8,1929 1934-1943 1946-2020 ,
FWA,40.97,-85.21,Fort Wayne, Indiana , United States ,76.7,1942-1945 1948-2020 ,
ACV,40.98,-124.11,Arcata/Eureka, California , United States ,69.8,1950-2020 ,
HPN,41.07,-73.71,White Plains, New York , United States ,57,1949-1954 1968-2020 ,
LBF,41.12,-100.67,North Platte, Nebraska , United States ,72.8,1948-2020 ,
CYS,41.16,-104.81,Cheyenne, Wyoming , United States ,72.8,1948-2020 ,
DUJ,41.18,-78.9,DuBois, Pennsylvania , United States ,40.6,1973-1993 2000-2020 ,
ACK,41.25,-70.06,Nantucket, Massachusetts , United States ,47,1948-1975 19981999 2004-2020 ,
YNG,41.26,-80.67,Youngstown, Ohio , United States ,72.9,1948-2020 ,
OMA,41.31,-95.9,Omaha, Nebraska , United States ,72.5,1948-2020 ,
AVP,41.33,-75.73,Wilkes-Barre, Pennsylvania , United States ,54.7,1949-1950 1968-2020 ,
CLE,41.41,-81.85,Cleveland, Ohio , United States ,72.9,1948-2020 ,
MLI,41.47,-90.52,Moline, Illinois , United States ,72.6,1948-2020 ,
DSM,41.53,-93.65,Des Moines, Iowa , United States ,75.9,1945-2020 ,
TOL,41.59,-83.81,Toledo, Ohio , United States ,64.8,1955-2020 ,
RKS,41.6,-109.05,Rock Springs, Wyoming , United States ,68.5,1948-1981 1984-1996 1999-2020 ,
POU,41.63,-73.88,Poughkeepsie, New York , United States ,51.1,1949-1954 1973-1980 1982-1999 2001-2020 ,
SBN,41.71,-86.32,South Bend, Indiana , United States ,72.8,1948-2020 ,
PVD,41.72,-71.43,Providence, Rhode Island , United States ,73.2,1948-2020 ,
MDW,41.79,-87.75,Chicago (Midway), Illinois , United States ,55.6,1948-1979 1997-2020 ,
BFD,41.8,-78.63,Bradford, Pennsylvania , United States ,29.9,1987-1993 1997-2020 ,
BFF,41.87,-103.59,Scottsbluff, Nebraska , United States ,74.1,1943-1944 1948-2020 ,
CID,41.88,-91.72,Cedar Rapids, Iowa , United States ,46,1973-1979 1981-2020 ,
TAN,41.88,-71.02,Taunton, Massachusetts , United States ,45.5,1943 1949-1971 1998-2020 ,
BDL,41.94,-72.68,Windsor Locks, Connecticut , United States ,75.4,1942-1945 1949-2020 ,
OFK,41.99,-97.44,Norfolk, Nebraska , United States ,48.5,1948-1951 1976-2020 ,
ORD,42,-87.93,Chicago (O'Hare), Illinois , United States ,73.5,1947-2020 ,
ERI,42.08,-80.18,Erie, Pennsylvania , United States ,72.7,1948-2020 ,
JHW,42.15,-79.25,Jamestown, New York , United States ,25,1993-2016 2018-2020 ,
LMT,42.15,-121.72,Klamath Falls, Oregon , United States ,44.9,1960-1966 1973-1979 1990-2020 ,
ELM,42.16,-76.89,Elmira, New York , United States ,50.8,1949-1954 1973-1994 1996-2020 ,
CEF,42.2,-72.53,Chicopee, Massachusetts , United States ,55.7,1941-1975 1989-1996 2008-2020 ,
BGM,42.21,-75.98,Binghamton, New York , United States ,72.8,1948-2020 ,
DTW,42.23,-83.33,Detroit, Michigan , United States ,71.3,1931-1933 1939-1941 1943-1946 1959-2020 ,
ORH,42.27,-71.87,Worcester, Massachusetts , United States ,69.7,1949-1958 1960-2020 ,
BOS,42.36,-71.01,Boston, Massachusetts , United States ,75.9,1945-2020 ,
SUX,42.39,-96.38,Sioux City, Iowa , United States ,75.7,1943-1945 1948-2020 ,
ALO,42.55,-92.4,Waterloo, Iowa , United States ,60.5,1960-2020 ,
SXT,42.6,-123.36,Sexton Summit, Oregon , United States ,48.5,1948 1966-1988 1993-2020 ,
MTC,42.61,-82.82,Mount Clemens, Michigan , United States ,81,1937-1971 1974-2020 ,
ALB,42.75,-73.8,Albany, New York , United States ,75.9,1945-2020 ,
LAN,42.78,-84.58,Lansing, Michigan , United States ,67.3,1949-1954 1959-2020 ,
LND,42.82,-108.73,Lander, Wyoming , United States ,63.9,1948 1950 1959-2020 ,
GRR,42.88,-85.52,Grand Rapids, Michigan , United States ,57,1964-2020 ,
VTN,42.88,-100.55,Valentine, Nebraska , United States ,48.3,1948 1973-2020 ,
CPR,42.9,-106.47,Casper, Wyoming , United States ,75.7,1940-1944 1950-2020 ,
PIH,42.92,-112.57,Pocatello, Idaho , United States ,74.1,1943-1944 1948-2020 ,
MKE,42.96,-87.9,Milwaukee, Wisconsin , United States ,72.9,1948-2020 ,
FNT,42.97,-83.75,Flint, Michigan , United States ,71.9,1949-2020 ,
PSM,43.08,-70.82,Portsmouth, New Hampshire , United States ,63.8,1956-1988 1990-2020 ,
BUF,43.11,-78.94,Buffalo, New York , United States ,76.9,1942-1943 1946-2020 ,
IAG,43.11,-78.94,Niagara Falls, New York , United States ,61.1,1952-1960 19631964 1969-1991 1993-2020 ,
SYR,43.11,-76.1,Syracuse, New York , United States ,66.5,1953-1992 1994-2020 ,
CON,43.12,-71.3,Concord, New Hampshire , United States ,72.4,1948-2020 ,
ROC,43.12,-77.68,Rochester, New York , United States ,56,1949-1955 1973-2020 ,
MSN,43.14,-89.35,Madison, Wisconsin , United States ,72.9,1948-2020 ,
MCW,43.15,-93.33,Mason City, Iowa , United States ,72.4,1948-2020 ,
MKG,43.17,-86.24,Muskegon, Michigan , United States ,65.6,1948-1952 1960-2020 ,
RME,43.23,-75.41,Rome, New York , United States ,64.9,1943-1994 2007-2020 ,
GFL,43.34,-73.61,Glens Falls, New York , United States ,72.9,1948-2020 ,
OTH,43.41,-124.24,North Bend, Oregon , United States ,57.3,1945-1946 1949-1956 1973-2020 ,
IDA,43.52,-112.07,Idaho Falls, Idaho , United States ,59.8,1948-1964 1973-1993 1998-2020 ,
MBS,43.53,-84.08,Saginaw, Michigan , United States ,51.1,1949-1954 1973-1996 1999-2020 ,
BOI,43.57,-116.24,Boise, Idaho , United States ,76.5,1931 1942-1944 1948-2020 ,
FSD,43.58,-96.75,Sioux Falls, South Dakota , United States ,76,1943-1945 1948-2020 ,
LEB,43.63,-72.31,Lebanon, New Hampshire , United States ,47.1,1950 1953 1955-1964 1974-1989 19981999 2004-2020 ,
PWM,43.64,-70.3,Portland, Maine , United States ,72.8,1948-2020 ,
LSE,43.88,-91.25,La Crosse, Wisconsin , United States ,70.1,1948-1953 1956-2020 ,
RST,43.9,-92.49,Rochester, Minnesota , United States ,72.8,1948-2020 ,
ART,43.99,-76.02,Watertown, New York , United States ,59.3,1949-1964 1973-1996 2000-2020 ,
RAP,44.04,-103.05,Rapid City, South Dakota , United States ,69.8,1951-2020 ,
GTB,44.05,-75.73,Fort Drum, New York , United States ,34,1942 19441945 1989-2020 ,
EUG,44.13,-123.22,Eugene, Oregon , United States ,62.6,1948-1954 1964-2020 ,
RDM,44.26,-121.14,Redmond, Oregon , United States ,73.3,1943-1945 1948-2019 ,
HTL,44.36,-84.67,Houghton Lake, Michigan , United States ,40.3,1965-1980 1996-2020 ,
PIR,44.38,-100.29,Pierre, South Dakota , United States ,72.3,1948-2020 ,
SLK,44.39,-74.21,Saranac Lake, New York , United States ,21.1,1999-2020 ,
HON,44.4,-98.22,Huron, South Dakota , United States ,80.7,1940-2020 ,
BTV,44.47,-73.15,Burlington, Vermont , United States ,75.7,1942-1944 1947 1949-2020 ,
GRB,44.48,-88.14,Green Bay, Wisconsin , United States ,2.1,2019-2020 ,
RWF,44.55,-95.08,Redwood Falls, Minnesota , United States ,50.1,1950-1954 1973-1987 1989-1998 2001-2020 ,
PBG,44.65,-73.47,Plattsburgh, New York , United States ,52.2,1956-1994 2007-2020 ,
SHR,44.77,-106.97,Sheridan, Wyoming , United States ,31.3,1986-1990 1994 1997-2020 ,
BGR,44.8,-68.82,Bangor, Maine , United States ,71.1,1942-1944 19481949 1951-1994 1998-2020 ,
BKE,44.84,-117.81,Baker City, Oregon , United States ,56.8,1948-1964 1973-1979 1988-2020 ,
EAU,44.87,-91.49,Eau Claire, Wisconsin , United States ,71,1950-2020 ,
MSP,44.88,-93.23,Minneapolis, Minnesota , United States ,75.4,1945-2019 ,
SLE,44.91,-123,Salem, Oregon , United States ,72.8,1948-2020 ,
ATY,44.91,-97.15,Watertown, South Dakota , United States ,42.9,1948-1954 1973-1981 1995-2020 ,
MSS,44.94,-74.85,Massena, New York , United States ,71.1,1949-2020 ,
APN,45.07,-83.56,Alpena, Michigan , United States ,55.3,1966-2020 ,
DLN,45.26,-112.55,Dillon, Montana , United States ,53.5,1948-1972 1974-1978 1981 1998-2020 ,
ABR,45.44,-98.41,Aberdeen, South Dakota , United States ,55.5,1948-1954 1964-1978 1981 1983-1987 1992-2020 ,
PLN,45.56,-84.79,Pellston, Michigan , United States ,52.8,1948-1954 1973-1983 1985 1987-2020 ,
PDX,45.6,-122.61,Portland, Oregon , United States ,75.9,1941-1943 1948-2020 ,
MLT,45.65,-68.69,Millinocket, Maine , United States ,42.7,1943-1945 1949-1964 1996-2020 ,
PDT,45.7,-118.86,Pendleton, Oregon , United States ,81.7,1938-2020 ,
BZN,45.79,-111.16,Bozeman, Montana , United States ,52.3,1948-1954 1973-1993 1995-2013 2015-2020 ,
BIL,45.81,-108.54,Billings, Montana , United States ,74.8,1940-1941 1948-2020 ,
BTM,45.97,-112.5,Butte, Montana , United States ,55.1,1948-1960 1976-1993 1996-2020 ,
ALW,46.1,-118.29,Walla Walla, Washington , United States ,64.3,1943-1945 1948-1965 1973-1994 1999-2020 ,
AST,46.16,-123.88,Astoria, Oregon , United States ,67.8,1953-2020 ,
LWS,46.38,-117.02,Lewiston, Idaho , United States ,53.4,1948-1954 1973-2020 ,
MLS,46.43,-105.88,Miles City, Montana , United States ,71.4,1948-1988 1990-2020 ,
ANJ,46.48,-84.36,Sault Ste. Marie, Michigan , United States ,72.8,1948-2020 ,
YKM,46.57,-120.54,Yakima, Washington , United States ,69.9,1948-1991 19931994 1996-2020 ,
HLN,46.61,-111.96,Helena, Montana , United States ,72.3,1948-2020 ,
BIS,46.78,-100.76,Bismarck, North Dakota , United States ,72.8,1948-2020 ,
DIK,46.8,-102.8,Dickinson, North Dakota , United States ,42.7,1973-1981 19861987 1989-2020 ,
DLH,46.84,-92.18,Duluth, Minnesota , United States ,72.9,1948-2020 ,
CAR,46.87,-68.02,Caribou, Maine , United States ,42.6,1948-1963 1980-1982 1997-2020 ,
MSO,46.92,-114.09,Missoula, Montana , United States ,72.9,1948-2020 ,
FAR,46.93,-96.81,Fargo, North Dakota , United States ,72.8,1948-2020 ,
OLM,46.97,-122.9,Olympia, Washington , United States ,70.1,1948-1993 1996-2020 ,
LWT,47.05,-109.46,Lewiston, Montana , United States ,61.9,1943-1944 1948-1985 1999-2020 ,
CMX,47.17,-88.49,Hancock, Michigan , United States ,58.2,1948-1964 19731974 1977-1981 1988-2020 ,
EAT,47.4,-120.2,Wenatchee, Washington , United States ,41.5,1973-1992 1999-2020 ,
SEA,47.44,-122.31,Seattle-Tacoma, Washington , United States ,72.9,1948-2020 ,
GTF,47.47,-111.38,Great Falls, Montana , United States ,72.8,1948-2020 ,
GEG,47.62,-117.53,Spokane, Washington , United States ,76.4,1942-1944 1948-2020 ,
GFK,47.94,-97.18,Grand Forks, North Dakota , United States ,56.3,1949-1958 1973-1996 1998-2020 ,
UIL,47.94,-124.56,Quillayute, Washington , United States ,54,1967-2020 ,
GGW,48.21,-106.62,Glasgow, Montana , United States ,65.4,1943 1956-2020 ,
MOT,48.26,-101.27,Minot, North Dakota , United States ,71.6,1949-2020 ,
GPI,48.3,-114.26,Kalispell, Montana , United States ,61,1948-1952 1964-2020 ,
NUW,48.35,-122.67,Whidbey Island, Washington , United States ,74.7,1945-2020 ,
HVR,48.54,-109.76,Havre, Montana , United States ,29.3,1989-2020 ,
INL,48.56,-93.4,International Falls, Minnesota , United States ,72.7,1948-2020 ,
CTB,48.6,-112.38,Cut Bank, Montana , United States ,58.3,1943-1944 1948-1981 1999-2020 ,